"ID_Empleado";"Nombre";"Apellido";"DNI";"Fecha_Nacimiento";"Email";"Telefono";"ID_Usuario";"Direccion"
"1";"Luis";"Morocho";"94429778";"1982-05-29";"lmorocho@gmail.com";"1160082041";"1";"SD"
"2";"Mariano País";"Garay";"29567456";"1980-11-25";"mpgaray@gmail.com";"1133445566";"2";"SD"
"3";"Ariel";"Toneguzzi";"28456123";"1970-03-14";"atoneguzzi@gmail.com";"1144556677";"3";"SD"
"4";"Agustín";"Arufe";"27894561";"1990-09-09";"aarufe@gmail.com";"1155667788";"4";"SD"
"5";"admin";"admin_append";"13579135";"0000-00-00";"admin@admin.com";;"9";"SD"
"9";"Test_empleado";"Empleado";"12345678";"2025-05-01";"empleado@empleado.com";"43534775456";"7";"SD"
"10";"Juanito";"Alimaña";"2468135";"1980-05-29";"juanitoa@empleado.com";;"11";"SD"
"11";"Empleado3";"Empleado3";"54654898";"1980-03-15";"empleado3@empleado.com";;"15";"SD"
