"ID_Proveedor";"Nombre";"Apellido";"Empresa";"Telefono";"Email";"Direccion";"ID_Usuario";"DNI"
"1";"Proveedor1";"Proveedor1";"Proveedor1";"4839739932";"proveerdor1@proveedor.com";"Buenos Aires";"17";"987654321"
"2";"Proveedor2";"Proveedor2";"ALFA SA";"1145001111";"info@alfa.com";"Av. Corrientes 1000,CABA";"20";"45454545"
"3";"proveedor3";"proveedor3";"BET NET";"3414500222";"ventas@beta.net";"Calle Ficticia 500, Buenos Aires";"21";"1212121212"
"4";"proveedor4";"proveedor4";"GAMMA";"11469922222";"contacto@gamma.org";"Av. Colón 2000, Buenos Aires";"22";"27272727"
